ta_id,name,max_assigned,0,1,2,3,4,5,6,7,8,9,10,11,12,13,14,15,16
0,TA 0,1,U,U,U,U,W,P,U,W,P,W,U,U,U,U,U,U,U
1,TA 1,0,U,U,U,U,U,U,U,U,U,U,U,U,U,U,U,U,U
2,TA 2,1,U,U,U,U,U,U,P,W,P,U,U,U,U,U,U,W,W
3,TA 3,3,U,U,U,U,W,W,U,U,U,U,U,U,W,W,P,U,U
4,TA 4,1,U,U,U,U,W,W,W,P,W,U,U,U,U,U,U,U,U
5,TA 5,1,W,U,U,U,W,W,U,U,U,U,U,U,W,W,W,U,U
6,TA 6,1,U,U,U,U,W,W,W,W,W,U,U,U,P,P,P,P,W
7,TA 7,2,U,W,P,P,U,U,U,U,U,W,U,U,U,U,U,P,W
8,TA 8,1,P,U,U,U,U,U,W,W,U,U,U,U,P,W,W,U,U
9,TA 9,1,U,P,P,P,U,U,U,U,U,U,P,P,U,U,U,U,U
10,TA 10,2,W,W,U,U,U,P,P,U,U,U,P,U,P,U,U,U,U
11,TA 11,2,W,W,W,U,U,W,W,W,U,U,U,U,U,U,P,U,U
12,TA 12,1,W,U,U,U,U,U,U,U,U,U,U,U,W,W,W,U,U
13,TA 13,2,U,U,U,U,U,U,U,P,U,U,U,U,W,W,W,P,P
14,TA 14,1,W,U,U,U,U,U,U,U,U,U,U,U,P,P,W,U,U
15,TA 15,2,U,W,P,W,W,U,U,U,U,U,P,P,U,U,U,U,U
16,TA 16,1,P,U,U,U,U,P,U,U,U,U,U,U,P,U,P,U,U
17,TA 17,1,U,U,U,U,P,W,U,U,U,U,U,U,U,U,U,U,U
18,TA 18,2,U,P,W,U,U,W,U,U,U,P,U,U,U,U,U,U,U
19,TA 19,1,U,U,W,U,U,W,U,U,U,U,P,W,P,W,W,U,U
20,TA 20,2,P,U,W,U,P,U,U,U,U,U,U,U,U,U,U,U,U
21,TA 21,1,U,U,U,U,W,P,W,W,W,U,U,U,U,U,U,U,U
22,TA 22,2,P,U,U,U,P,W,U,U,U,W,U,U,P,W,W,U,U
23,TA 23,1,U,U,U,U,U,U,W,W,W,U,U,U,W,U,U,P,P
24,TA 24,2,U,U,U,U,U,U,U,U,U,U,P,P,U,U,U,P,P
25,TA 25,1,P,U,U,U,U,U,W,P,W,U,U,U,P,P,P,W,W
26,TA 26,2,U,P,W,W,W,W,W,W,W,P,U,U,U,U,U,U,U
27,TA 27,1,W,U,U,U,U,P,U,U,U,U,P,U,P,U,W,U,U
28,TA 28,1,U,U,U,U,U,U,U,U,U,U,U,U,P,P,U,U,U
29,TA 29,1,U,U,U,U,P,P,W,U,U,U,U,U,U,U,U,W,U
30,TA 30,1,W,W,P,P,W,W,U,U,U,U,P,W,P,W,W,P,P
31,TA 31,1,U,U,P,U,P,U,U,W,U,U,W,W,U,U,U,U,U
32,TA 32,1,W,W,P,W,P,P,U,U,U,U,P,P,W,W,U,U,U
33,TA 33,1,U,U,U,U,U,U,P,W,W,U,U,U,P,P,P,U,U
34,TA 34,2,U,U,U,U,U,W,U,U,U,U,P,W,W,W,W,U,U
35,TA 35,1,U,U,U,U,U,U,W,W,W,U,U,U,U,U,U,U,U
36,TA 36,1,W,U,U,U,U,U,U,U,U,U,U,U,P,W,W,U,U
37,TA 37,1,W,P,W,U,U,U,U,U,U,U,W,W,W,U,U,U,U
38,TA 38,2,P,U,U,U,U,U,U,U,U,U,W,W,W,W,W,W,W
39,TA 39,2,U,W,P,P,P,W,U,U,U,U,P,W,U,U,U,U,U
40,TA 40,1,P,U,U,U,W,W,U,U,U,U,U,U,W,W,W,W,W
41,TA 41,1,U,U,U,U,U,U,U,U,U,U,P,W,U,U,U,W,W
42,TA 42,0,U,U,U,U,U,U,U,U,U,U,U,U,U,U,U,U,U
